atributo1;atributo2;atributo3;atributo4;atributo5
515;15;0.408462369;1287.5;8
357;22;0.642985238;892.5;9
633;20;0.582239974;1582.5;7
295;17;0.531008521;737.5;9
946;14;0.34064024;2365;3
884;20;0.69714336;2210;6
641;19;0.152531078;1602.5;8
74;12;0.254230358;185;10